Candidate,Job
James Scott,Physician Internship
Jeffrey Miles,N/A
Andrew Green,Physician Internship
Stephanie Warner,N/A
Marie Mcintyre,N/A
Melanie Silva,N/A
Jaime Lopez,N/A
Reginald Owens,N/A
Ashley Harris,Medical Assistant Internship
Maria Harris,N/A
Thomas Boyer,Radiologic Technologist Opportunity
Holly Friedman,Physician Internship
Rebecca Cook DVM,N/A
Amy Tucker,N/A
John Young PhD,Physical Therapist Internship
Amber Blair,Medical Laboratory Technician Opportunity
James Ramsey,N/A
Theresa Robinson,Physician Internship
Elizabeth White,N/A
Timothy Rodriguez,N/A
Christopher Gonzalez,N/A
Alyssa Wilson,N/A
Taylor Branch,N/A
Andrew Carr,N/A
Carl Schroeder,Surgeon Opportunity
Jason Floyd,Physician Internship
Christopher Bradley,Physical Therapist Internship
Jennifer Lucas,N/A
Rhonda Smith,N/A
Robert Wilson,N/A
Nicole Maynard,Emergency Medical Technician (EMT) Opportunity
Tammy Cox,Emergency Medical Technician (EMT) Opportunity
Deborah Martin,N/A
Gregory Parrish,N/A
Brenda Taylor,Medical Assistant Internship
Danielle Casey,Emergency Medical Technician (EMT) Opportunity
Anna Clark,Emergency Medical Technician (EMT) Opportunity
Heather Peck,Medical Laboratory Technician Opportunity
David Scott,N/A
Daniel Hicks,Medical Laboratory Technician Opportunity
Gabriella Henry,Registered Nurse Placement
Paul Phillips,N/A
David Campbell,N/A
Timothy Baldwin,Surgeon Opportunity
Renee Cole,N/A
Caroline Bryant,N/A
Erica Obrien,N/A
Jeremy White,Dental Hygienist Internship
Lisa Barnes,N/A
Kathryn Jones,N/A
Chad Watson,Emergency Medical Technician (EMT) Opportunity
James Reeves,N/A
Jesse Mitchell,N/A
Bethany Davis,Emergency Medical Technician (EMT) Opportunity
Steven Mitchell,Medical Assistant Internship
Samuel Taylor,N/A
Brian Christensen Jr.,N/A
Keith Avery,Physician Internship
Molly Simmons,Physician Internship
Jason Cabrera,N/A
Peter Sutton,Radiologic Technologist Opportunity
Candace Zimmerman,N/A
Jeffrey Thornton,Surgeon Opportunity
Kathryn Baker,N/A
Lance Ellis,N/A
Christina Logan,N/A
Maria Kim,N/A
Kristen Patel,N/A
Shawn Chen,N/A
Karen Pope,Medical Laboratory Technician Opportunity
Jennifer Williams,Emergency Medical Technician (EMT) Opportunity
Stephen Cruz,Surgeon Opportunity
Jasmine Garrison,N/A
Jennifer Gould,Registered Nurse Placement
Michael Young,Medical Assistant Internship
Cody Smith,N/A
Mark Moore,N/A
David Tucker,Dental Hygienist Internship
James Moore,N/A
Theresa West,Pharmacist Placement
Cassidy Klein,N/A
Roy Fernandez,N/A
Tommy Bailey,N/A
Jason Brown,N/A
Kimberly Aguirre,N/A
Kenneth Lewis,N/A
Denise Cantu,N/A
Thomas Chambers,N/A
Ashley Hoffman,N/A
Jonathan Kerr,N/A
Linda Martin,Physician Internship
Sandra Stewart,N/A
Paul Marshall,N/A
Sarah Campbell,N/A
Joel Crane,N/A
William Lynch,Radiologic Technologist Opportunity
Luis Clayton,N/A
Tiffany Lee,N/A
Alex Mckenzie,Registered Nurse Placement
Louis Brooks,Physician Internship
Derek Palmer,N/A
Samuel House,N/A
Joel Richardson,N/A
Carlos Hale,Physical Therapist Internship
Tommy Riggs,N/A
Carolyn West,N/A
Daniel Sexton,N/A
Philip Brown,N/A
Brian Lowe,Dental Hygienist Internship
Kaitlyn Stevens,N/A
Melinda Robinson,N/A
Kathleen Johnston,N/A
Clayton Benitez,N/A
Kelly Wallace,N/A
Brian Jones,N/A
Ryan Willis,N/A
Nicole Brown,N/A
Courtney White,N/A
Sarah Johnson,N/A
Thomas Adams,N/A
Melissa Hernandez,N/A
Elizabeth Kim,N/A
Paul Newton,Surgeon Opportunity
Samantha Simon,N/A
Jeremy Griffin,N/A
Nancy Miller,N/A
Steven Ortega,N/A
Mrs. Laura Gray,Radiologic Technologist Opportunity
Angela Roberson,N/A
Luis Morgan,N/A
Marvin Small,N/A
David Moore,N/A
Tony Gonzales,Dental Hygienist Internship
Patricia Johnson,N/A
Sabrina Patrick,N/A
Robyn Peterson,N/A
Mary Williams,Emergency Medical Technician (EMT) Opportunity
Michael Turner,Medical Assistant Internship
Jennifer Griffith,N/A
Jeremy Singh,N/A
Tiffany Willis,N/A
Taylor Hodge,N/A
Donna Davis,N/A
Sherri Gonzalez,Medical Assistant Internship
Janice Mcdonald,N/A
Wendy Dixon,Registered Nurse Placement
Jennifer Hickman,N/A
Johnny Allen,Radiologic Technologist Opportunity
Fred Jackson,N/A
Marcus Huff,N/A
Kyle Garcia,N/A
Deborah Edwards,Surgeon Opportunity
Mark Terrell,N/A
Jacqueline Morris,Physical Therapist Internship
Rhonda Stevenson,Physician Internship
Erica Hooper,N/A
Wendy Gonzales,Radiologic Technologist Opportunity
Valerie Phillips,N/A
Pamela Conner,N/A
James Myers,N/A
Linda Jackson,N/A
Jeremy Robinson,N/A
Dr. Lauren Young DDS,Physician Internship
Jose Montoya,N/A
Jeffery Johnson,N/A
Jacob Bates,Radiologic Technologist Opportunity
Jeffrey Hunter,N/A
Aaron Hernandez,Surgeon Opportunity
Laura Valdez,N/A
Daniel Gross,N/A
Brian Mendoza,N/A
Johnny Archer,N/A
Alejandra Cardenas,N/A
Robert Walker,Dental Hygienist Internship
Melissa Henderson,Emergency Medical Technician (EMT) Opportunity
Emily Peterson,Medical Assistant Internship
Kevin Allen,N/A
Emily Huber,Emergency Medical Technician (EMT) Opportunity
Sheila Jones,N/A
Larry Abbott,N/A
Stephanie King,Medical Laboratory Technician Opportunity
Jason Bush,N/A
Amanda Vazquez,N/A
Brittany Ford,N/A
Jeremy Moore,N/A
Mrs. Kimberly Baker,N/A
Steven Black,Medical Assistant Internship
Elizabeth Bradford,Emergency Medical Technician (EMT) Opportunity
Leah Poole,Emergency Medical Technician (EMT) Opportunity
Leah Ramirez,Emergency Medical Technician (EMT) Opportunity
Joshua Sharp,N/A
Katherine Harris,N/A
Samantha Barnes,N/A
Omar Edwards,Medical Assistant Internship
Michelle Anderson,Radiologic Technologist Opportunity
Brandon Kramer,Physician Internship
Brittany Yoder,N/A
Jessica Nguyen,N/A
Haley Davis,N/A
Stephen Zimmerman,N/A
Mark Guerrero,N/A
Brian Ward,Dental Hygienist Internship
Tracey Rangel,N/A
Brianna Walker,N/A
Matthew Nichols,N/A
Sean Little,N/A
Kent White,Physical Therapist Internship
Teresa Reed,Medical Assistant Internship
Shaun Schmidt,Physical Therapist Internship
Jessica Craig,N/A
Steven Walker,Radiologic Technologist Opportunity
Jeremy Terry,Surgeon Opportunity
Samuel Baxter,N/A
Hannah Wood,N/A
Deborah Stone,N/A
Janice Evans,N/A
Jenna Duffy,N/A
Nathan Ward,N/A
Paula Wilson,N/A
Kristy Wagner,N/A
Nicholas Martinez,N/A
Richard Tucker,N/A
Kyle Garcia,N/A
Katie Smith,N/A
Sara Randolph,N/A
Robert Cameron,N/A
Mrs. Sarah Butler,N/A
Stacey Colon,Registered Nurse Placement
Andrea Davis,Surgeon Opportunity
Steven Lane,N/A
Lori Turner,N/A
Donna Thomas,N/A
Marc Rios,N/A
Kimberly Cole,Pharmacist Placement
John Davis PhD,N/A
Kyle Briggs,N/A
Jeffrey Porter,Emergency Medical Technician (EMT) Opportunity
Charles Gibson,N/A
Mary Gonzalez,N/A
Chelsea Bryant,Surgeon Opportunity
Tammy Garcia,N/A
Elizabeth Phillips,N/A
James Robinson,N/A
Jamie White,N/A
Adam Everett,N/A
Ashley Brown,Medical Assistant Internship
Jackie Moore,N/A
Victoria Owens,N/A
Joseph White,N/A
Andrew Villegas,N/A
Caitlin Mcdaniel,N/A
Jasmine Mckee,N/A
John Deleon,Pharmacist Placement
Mary Reed,N/A
Aaron Richardson,N/A
Holly Michael,Physical Therapist Internship
Christopher Smith,N/A
Michael Harmon,Physician Internship
Kristen Phillips,N/A
Anthony Meyers,N/A
Jeremy Morris,Medical Laboratory Technician Opportunity
Roy Jackson,Physician Internship
Jennifer Boone MD,N/A
Robert Perez,Registered Nurse Placement
Deanna Daniel,Pharmacist Placement
Sarah Bentley,N/A
Margaret Rojas,N/A
Monica Barton,N/A
Jason King,N/A
Amanda Black,N/A
John Casey,N/A
Taylor Washington,N/A
Mary Meyers,N/A
Charles Martinez,N/A
Lisa Yoder,N/A
Sandra Rangel,N/A
Richard Nguyen,N/A
Amanda Patterson,N/A
Heather Ross,N/A
Shelly Martin,N/A
Alyssa Hill,Radiologic Technologist Opportunity
Mr. Rodney Daniels,N/A
Heather Carrillo,Dental Hygienist Internship
Richard Hardin,N/A
Robert Fleming,N/A
Daniel White,N/A
David Carlson,N/A
Gregory Wallace,N/A
Jamie Collins,N/A
Sean Jacobs,Registered Nurse Placement
Mark Cervantes,Physician Internship
Brittany Hernandez,N/A
Leslie Rogers,N/A
Christie Vasquez,N/A
Monica Castro,N/A
Douglas Kelly,N/A
Nicholas Ryan,N/A
Brooke Boyer,N/A
Brandon Allen,N/A
Vanessa Simmons,Physician Internship
Crystal Lopez,Medical Laboratory Technician Opportunity
Margaret Singleton,Medical Assistant Internship
Tonya Perez,Dental Hygienist Internship
Tonya Mitchell,Physical Therapist Internship
Mrs. Monica Reese,N/A
Kathleen Lopez,N/A
Jordan Wade,N/A
Paul Ramirez,N/A
Toni Jones,N/A
Ryan Vargas,Medical Assistant Internship
Nancy Mcdonald,N/A
Lauren Ortiz,N/A
Michael Williams,N/A
Gloria Barnes,N/A
Jason Mcdonald,Physician Internship
Carmen Lam,N/A
Jessica Cook,N/A
Robert Williams,Physical Therapist Internship
Alan West,N/A
Michael Fitzgerald,N/A
Carolyn Ballard,N/A
Brian Vega,N/A
Diana Reyes,N/A
Katherine Mack,Emergency Medical Technician (EMT) Opportunity
Austin Watkins,Pharmacist Placement
Jason Leblanc,N/A
Deanna Holmes,Physician Internship
Rick Rios,Physician Internship
Seth Anderson,N/A
Mr. Nathan Richard,N/A
Steven Murphy,N/A
Lance Avery,Medical Assistant Internship
Julian Strickland,N/A
Pamela Knight,N/A
David Smith,Emergency Medical Technician (EMT) Opportunity
Lance Bender,N/A
Juan Jones,N/A
Mr. Adam Scott,N/A
Debbie Smith,N/A
Joshua Beasley,N/A
Wendy Smith,N/A
Miss Patricia Davis,N/A
Daniel Harris,N/A
Daniel Carter,N/A
William Johnson,N/A
Kelly Davidson,N/A
Evan Brown,N/A
Christopher Lloyd,N/A
Terrence Kelly,N/A
Jenny Ware,N/A
Bernard Levine,Pharmacist Placement
Kyle Herrera,Medical Assistant Internship
Lori Brooks,Registered Nurse Placement
Veronica Castillo,N/A
Angela Villegas,N/A
Gregory Wyatt,N/A
Joseph Hoffman,N/A
David West,N/A
Lisa Doyle,Medical Assistant Internship
Brent Lawson,Emergency Medical Technician (EMT) Opportunity
Sherri Vazquez,N/A
Justin Brown,N/A
Joseph Blake,N/A
David Lopez,N/A
Juan Lopez,N/A
Michael Bennett,N/A
Anna Morgan,N/A
Nathan Diaz,N/A
Cheyenne Richards,N/A
Ann Livingston,N/A
Matthew Morton,Radiologic Technologist Opportunity
Maria Roberts,Pharmacist Placement
Brandi Garcia,Dental Hygienist Internship
Angela Mahoney,Emergency Medical Technician (EMT) Opportunity
Emily Graham,N/A
Cindy Le,N/A
Christopher Fernandez,Emergency Medical Technician (EMT) Opportunity
Connie Wright,Medical Assistant Internship
James Adams,N/A
Ashley Mitchell,N/A
Nicholas Kim Jr.,Medical Laboratory Technician Opportunity
Tricia Meyers,N/A
Zachary Garrett,N/A
Debbie Paul,N/A
Judith Pena,N/A
Charles Harris,N/A
Joseph Evans,Radiologic Technologist Opportunity
Sarah Young,N/A
Kyle Conway,N/A
Martha Chambers DDS,N/A
Robert Rodriguez,N/A
Amanda Castro,N/A
Austin Stone,Surgeon Opportunity
Joseph Salazar,N/A
Felicia Williams,N/A
Misty Park DVM,N/A
Christy Phillips,N/A
Joseph Lowe,Surgeon Opportunity
Robert Kaufman,N/A
Christopher Burnett,N/A
Caleb Avery,N/A
Curtis Williams,N/A
Brian Rodriguez,N/A
Michael Harris,N/A
Kayla Moore DDS,N/A
Samuel Wheeler,N/A
Jeffery Ray,Medical Laboratory Technician Opportunity
Mary Logan,N/A
Courtney Hernandez,N/A
Mary Montoya,N/A
Felicia Castillo,N/A
Nicholas Bruce,N/A
Heather Watts,N/A
Michael Ramirez,Physician Internship
Abigail Anderson,N/A
Mr. Brad Perkins,N/A
Abigail Moses,N/A
Francis Obrien,N/A
William Byrd,N/A
Mr. Kirk Banks,Medical Assistant Internship
Ronald Parker,N/A
Kathleen Price,Dental Hygienist Internship
Sharon Anderson,N/A
Pamela Dawson,Surgeon Opportunity
Stephen Phillips,N/A
Mrs. Kayla Taylor MD,Medical Assistant Internship
Ann Andrade,Medical Laboratory Technician Opportunity
Ryan Washington,N/A
Ashley Mills,N/A
Brendan Wallace,N/A
Melissa Hudson,Registered Nurse Placement
Marcus George,Dental Hygienist Internship
Michael Harris,N/A
Justin Young,N/A
Kristi Hart,N/A
Tim Kent,N/A
Michelle Johnson PhD,N/A
Kelli Walker,N/A
Morgan Gray,N/A
Brianna Henry,Medical Assistant Internship
Kathleen Harrington,N/A
Frederick Blackburn,N/A
Megan Cooper,N/A
Tina Rosales,N/A
William Flores,N/A
Brian Little,N/A
Clayton Herrera,Medical Assistant Internship
Joshua Kennedy,N/A
Christopher Fowler,Emergency Medical Technician (EMT) Opportunity
Melissa Jackson,N/A
William Hall,Pharmacist Placement
Kyle Smith,N/A
Randall Vasquez,N/A
Mr. Matthew Bates,N/A
Jeremy Bailey,N/A
Lori Morris,N/A
Christopher Pineda,N/A
Stephanie Wright,N/A
Mathew Martin,N/A
Daniel Beck,N/A
Susan Drake,Pharmacist Placement
Mary Moran,Pharmacist Placement
Roy Moore,N/A
Edward Silva,N/A
Victoria Hendricks,N/A
Wendy Garcia,N/A
Brandy Cameron,N/A
Virginia Chavez,Emergency Medical Technician (EMT) Opportunity
Amber Lopez,N/A
Antonio Moore,N/A
Allison Young MD,N/A
Phillip Rogers,N/A
David Warren,Pharmacist Placement
Charles Carpenter,N/A
Barbara Thornton,Dental Hygienist Internship
Eric Travis,N/A
Whitney Jackson,N/A
Christopher Rojas,N/A
James Brown,N/A
Angel Pearson,N/A
Rebekah Greene,N/A
Michelle Banks,N/A
Austin Smith,N/A
David George,N/A
George Espinoza,N/A
Sara Garcia,N/A
Samantha Dyer,N/A
Andrew Stark,N/A
Debra Coleman,N/A
Nicole Jenkins,N/A
Gary Morse,N/A
Brandon Williams,N/A
David Wilson,N/A
Kevin Booth,N/A
Christopher Wise,N/A
Judy Mueller,N/A
John Keller,N/A
Diane Smith,Radiologic Technologist Opportunity
Ryan Savage,N/A
Patrick Clark,N/A
Beth Patel,N/A
Emily Wright,Dental Hygienist Internship
Danielle Alvarado,N/A
Jeremy Berry,N/A
Cathy Phillips,Physical Therapist Internship
Jill Evans,Physical Therapist Internship
Brian Gonzales,N/A
Brittany Brown,Pharmacist Placement
Thomas Howell,N/A
Eric Salas,N/A
Robert Jordan,N/A
John Rodriguez,N/A
Joseph Duncan,Medical Laboratory Technician Opportunity
Raymond Becker,N/A
Alicia Colon,N/A
Brian Soto,Medical Laboratory Technician Opportunity
Juan Gomez,N/A
Matthew Ford,Physician Internship
Gary Brown,N/A
Joel Reed,N/A
Tina Raymond,Surgeon Opportunity
Cindy Barajas,Surgeon Opportunity
Linda Goodman,N/A
Lisa Richards,N/A
Jason Tran,Pharmacist Placement
Karen Shepard,N/A
Dr. Jennifer Brown,N/A
Joseph Mullins,Dental Hygienist Internship
Dustin Ramos MD,N/A
Karl Baker,Physician Internship
Cassidy Freeman,N/A
Johnny Villa,N/A
Amanda Jacobs,N/A
Andrew Hull,Physician Internship
Stacy Anderson,N/A
Gary Rice,N/A
Jennifer Manning,Registered Nurse Placement
John Lee,N/A
Paul Smith,Physician Internship
Howard Heath,Emergency Medical Technician (EMT) Opportunity
Duane Green,N/A
Nicole Moore,N/A
Kimberly Johnson,N/A
Beth Escobar,Registered Nurse Placement
Derek Miller,Physical Therapist Internship
Olivia Oneill,N/A
Corey Rivera,Emergency Medical Technician (EMT) Opportunity
Wayne Rivera,Dental Hygienist Internship
Judith Huang,N/A
Robert Lopez,Physician Internship
Marcus Wells,N/A
Kristopher Stein MD,N/A
Valerie Smith,N/A
Alicia Robinson,N/A
Brittany Mcfarland,Emergency Medical Technician (EMT) Opportunity
Melissa Bell,Emergency Medical Technician (EMT) Opportunity
Claire Bautista,N/A
Jeffrey Nelson,N/A
Samantha Thomas,N/A
Tammy Brown,Physician Internship
Madison Rivera,N/A
Victoria Hernandez,N/A
Anthony Khan DVM,N/A
Anthony Phillips,N/A
Kimberly Mcdaniel,N/A
Shannon Allen,N/A
Morgan Garcia,N/A
Jason Bradley,N/A
Deborah Schultz,N/A
Sarah Moreno,N/A
Helen Lynn,N/A
Thomas Simmons,N/A
William Bruce,N/A
Elizabeth Rodriguez,N/A
Victoria Wallace,N/A
Wanda Gomez,N/A
Teresa Foley,Physical Therapist Internship
Patricia Miller,N/A
Michael Nichols,Dental Hygienist Internship
Regina Ramsey,N/A
Anthony Dixon,Dental Hygienist Internship
Craig Anthony,N/A
Angela Crawford,N/A
Donald Prince,Surgeon Opportunity
Margaret Smith,N/A
Dustin Cabrera,N/A
Candice Green,N/A
Mary Blanchard,Medical Assistant Internship
Haley Cantu,N/A
Natalie Vargas,N/A
Michael Liu,N/A
Brandon Miller,N/A
Jennifer Gonzalez,N/A
Joseph Grant,N/A
Elizabeth Hall,N/A
Suzanne Sanchez,N/A
Bobby Lopez,N/A
Ray Terry,N/A
Jeffery Webb,N/A
Robert Palmer,N/A
Jill Weiss,Dental Hygienist Internship
Amber Freeman,N/A
Rebecca Spencer,N/A
Christopher Brady,N/A
Diana Marks,N/A
Angela Jones,N/A
Annette Bentley,Registered Nurse Placement
Toni Hicks,N/A
Rebecca Trujillo,N/A
Thomas Johnson,Pharmacist Placement
Christine Gould,N/A
Danielle Taylor,N/A
Randall Brown,N/A
Dustin Baker,N/A
Mrs. Amanda Wilson,N/A
Jason Vega,Medical Laboratory Technician Opportunity
Taylor Lopez,N/A
Bobby Mcintyre,N/A
Eric Leonard,Emergency Medical Technician (EMT) Opportunity
Gabriel Lane,N/A
Suzanne Perry,N/A
Jeffrey Clark,N/A
Holly Scott,Physician Internship
Duane Smith,N/A
Kimberly Carrillo,N/A
Ronald Dickerson,N/A
Brenda Bowers,N/A
Alexis Hall,N/A
Jonathan Moore,N/A
Kaylee Peters,N/A
Alexandra Lopez,Emergency Medical Technician (EMT) Opportunity
Laurie Simmons,N/A
Jennifer Clarke,Pharmacist Placement
Christopher Holt,Pharmacist Placement
Jack Randall,N/A
Briana Serrano,N/A
Frank Rodriguez,N/A
Brady Collins,N/A
Jeremy Logan,N/A
Mrs. Colleen Sanders MD,N/A
Dennis Jones,N/A
Ray Carrillo,N/A
Jennifer Hayes,N/A
John Rowe,N/A
Samantha Archer,N/A
George Kelley,N/A
Sarah Clayton,N/A
Bethany Coleman,Physician Internship
Stacey Ramirez,Medical Laboratory Technician Opportunity
Bradley Brooks,N/A
Emily James,N/A
Jennifer Harper,N/A
Joseph Ramirez,N/A
Deborah Williams,N/A
Matthew Tate,N/A
Douglas Newman,N/A
Rebecca Jackson,N/A
Eric Frost Jr.,N/A
Rachel English,N/A
Janet Sanchez,Medical Assistant Internship
Amy Robertson,Medical Assistant Internship
Kathryn Edwards,Dental Hygienist Internship
Dr. Christine Higgins,N/A
Kristin Houston,N/A
Christine Price,N/A
Ryan Roberts,N/A
Dillon Harris,N/A
Tina Cervantes,N/A
Margaret Lopez,N/A
Timothy Smith,N/A
Eileen Harris,N/A
Donna Alvarez,N/A
Mark Miller,N/A
Carla Arnold,N/A
Dawn Mckee MD,Dental Hygienist Internship
Jessica Blake,N/A
Steve Smith,N/A
Christy Miller,Registered Nurse Placement
Samantha White,N/A
Lisa Klein,N/A
Steven Choi,N/A
Crystal Garcia,N/A
Robert Smith,Physician Internship
Dana Haley,N/A
Derek Caldwell,N/A
Chad Ramirez,N/A
Nicholas Vasquez,Physician Internship
Paul Castillo,N/A
Tracy Walker,N/A
Jonathan Harris,N/A
Rebekah Moore,N/A
Heidi Dillon,N/A
Linda Vasquez,Medical Laboratory Technician Opportunity
John Landry,N/A
Maria Peck,N/A
Thomas Johnson,N/A
Jeffrey Holland,N/A
Wanda Stewart,N/A
Lisa Fox,N/A
Christopher Rodgers,Pharmacist Placement
Jason Jones,N/A
Angela Perez,N/A
Christina Mitchell,N/A
Cynthia Smith,N/A
Kimberly Le,Surgeon Opportunity
Ryan Humphrey,N/A
Ryan Young,Surgeon Opportunity
Kelly White,Medical Laboratory Technician Opportunity
Jacob Peterson,N/A
Tyler Johnson,N/A
Timothy Miranda,N/A
Jennifer Wolf,N/A
Gabrielle Hall,N/A
Alexandra Preston,N/A
Wendy Nguyen,N/A
Victor Holland,Medical Assistant Internship
Eric Knight,N/A
Leslie Watts,N/A
Christine Porter,N/A
Anita Ramirez,N/A
Nathan Jackson,N/A
Peter Lee,N/A
Robert Ford,N/A
Stephanie Bridges,N/A
Darius Wolfe,N/A
Jamie Maldonado,N/A
Martin Benson,Dental Hygienist Internship
Wendy Jordan,N/A
Carrie Pena,N/A
Patricia Stafford,Medical Laboratory Technician Opportunity
Ms. Stephanie Crosby,N/A
Lisa Alvarado,N/A
Stacey Vasquez,Radiologic Technologist Opportunity
Kelsey Harrison,N/A
Jacob Dalton,N/A
Michael Smith,Emergency Medical Technician (EMT) Opportunity
Jessica Lopez,N/A
Laura Mercado,N/A
Sharon Miller,N/A
Melanie Peterson,N/A
Samantha Payne,Medical Assistant Internship
Jonathan Walker,N/A
Deanna Richardson,N/A
Maria Guzman,N/A
Tracy Martinez,N/A
Heather Holloway,N/A
Steven Whitney,N/A
Scott Garcia,N/A
Joann Franklin,N/A
Jennifer Williams,N/A
Jaclyn Gonzalez,N/A
Ian Hill,N/A
Joseph Mack,N/A
Amber Hess,N/A
Ashley Moore,N/A
Jennifer Howard,N/A
Mark Buchanan,N/A
Daniel Hall,N/A
Luis Richardson,N/A
Keith Santos,N/A
Douglas Taylor,Radiologic Technologist Opportunity
Marvin Higgins,Emergency Medical Technician (EMT) Opportunity
Kathryn Caldwell,N/A
Laura Hanson,N/A
Kathleen Peters,N/A
Jack Hull,N/A
Virginia Allen,N/A
Matthew Cervantes,N/A
Sally Lee,N/A
Laura Marshall,N/A
Richard Richardson,Dental Hygienist Internship
Daniel Turner,N/A
Amy Evans,N/A
Tiffany Santiago,N/A
Edward Perkins,N/A
Dr. Kathleen Miller DVM,N/A
Derrick Sanchez,N/A
Dalton Taylor,N/A
Elizabeth Tanner,N/A
Ann Robles,N/A
Amber Daniels,N/A
Crystal Cortez,N/A
Christopher Ryan,N/A
Kelsey Wilson,N/A
James Burch,N/A
David Li,N/A
Bridget Robbins,Physician Internship
Jacob Smith,N/A
Christopher Owens,N/A
Courtney Robinson,N/A
Michael Lucas,N/A
Michael Bowen,Dental Hygienist Internship
James Hanson,Medical Assistant Internship
Jessica Aguilar,Medical Assistant Internship
Alexander Morales,N/A
James Sloan,N/A
Virginia Chavez,N/A
Samantha Brown,N/A
Maria Summers,N/A
Patrick Reid,N/A
Erin Macdonald,N/A
Carol Medina,N/A
Carl Henry,Dental Hygienist Internship
Rebecca Moreno,N/A
Laura Delacruz,Registered Nurse Placement
Donna Johnson,Medical Assistant Internship
Margaret Scott,Dental Hygienist Internship
Ryan Turner,Surgeon Opportunity
Erik Sullivan,Pharmacist Placement
Alyssa West,N/A
Christopher Phillips DDS,N/A
Ryan Haynes,N/A
Katrina Collins,Physician Internship
Jeremy Nunez,N/A
Wyatt Livingston,Emergency Medical Technician (EMT) Opportunity
Dr. Ruben Wilson,N/A
Courtney Williams,N/A
Melissa Alvarez,N/A
Corey Hernandez,N/A
Susan King,N/A
Denise Peterson,Physical Therapist Internship
Abigail Taylor,N/A
Daniel Phillips,N/A
Danny Orr,N/A
Matthew Little,N/A
Tyler Pena,N/A
Sharon Cruz,Medical Laboratory Technician Opportunity
Elizabeth King,N/A
Carrie Bridges,N/A
Christopher Gonzalez,N/A
Jonathan Randolph,Physician Internship
Katrina Spencer,Surgeon Opportunity
Steve Lee,N/A
Miguel Gamble,N/A
Brandon Hughes,N/A
John Cunningham,Physical Therapist Internship
Kristi Castaneda,N/A
Allison Horne,N/A
William Powell,Medical Assistant Internship
Vincent Sullivan,Medical Assistant Internship
David Russell,N/A
Michael Bailey,Physician Internship
James Weaver PhD,N/A
Kevin Williams,N/A
Christine Perkins,Pharmacist Placement
Jake Joseph,N/A
Andrea Smith,N/A
Alexander Brown,Emergency Medical Technician (EMT) Opportunity
Lori Wagner,N/A
Nicholas Collier,N/A
Nicholas Miller,N/A
Douglas Hernandez,Medical Assistant Internship
Sandra Moore,N/A
Ashley Jackson,Medical Laboratory Technician Opportunity
Veronica Kline,N/A
David Beard,N/A
Duane Hoffman,N/A
Walter Brown,N/A
Hannah Sampson,N/A
Desiree Wright,Medical Laboratory Technician Opportunity
Daniel Sheppard,N/A
Victoria Hanson,N/A
Michael Williams,N/A
Allen Dunn,N/A
Jeffery Parker,N/A
Sandra Wilson,N/A
Carol Gallagher,N/A
Michael Turner,N/A
Ryan Patrick,N/A
Adam Wagner,N/A
Nathaniel Cruz,N/A
Jason Wiggins DVM,N/A
Rachel Freeman,N/A
Destiny Banks,N/A
Michael Charles,N/A
Matthew Townsend,N/A
Stephen Watson,N/A
Robert Simon,Emergency Medical Technician (EMT) Opportunity
James Gregory,N/A
Bethany Robertson,N/A
Amanda Suarez,N/A
Trevor Maxwell,N/A
Misty Molina,N/A
Pamela Sellers,N/A
Daniel Davis,Registered Nurse Placement
Elizabeth Daugherty,N/A
Tina Young,Registered Nurse Placement
Jeremy Weber,N/A
Frederick Hale,N/A
Richard Williams,N/A
Jacob Benitez,N/A
Jenny Harris,N/A
Bryan Browning,Medical Assistant Internship
Christine Jackson,N/A
Shirley Mckenzie,N/A
John Jenkins,N/A
Denise Gonzalez,N/A
Michael Henderson,N/A
Mr. Bryan Alexander,N/A
Mark Alexander,N/A
Sean Rice,N/A
Robert Callahan,N/A
Tyler Mason,N/A
Matthew Wilson,N/A
Maria Myers,N/A
Tonya Gardner,N/A
Rebecca Richardson,N/A
Vanessa Young,Dental Hygienist Internship
Susan Chang,Registered Nurse Placement
Jesus Weeks,N/A
Joseph Smith,N/A
Ashley Duncan,N/A
Veronica Frost,N/A
Michele Jordan,N/A
Linda Nelson,Dental Hygienist Internship
James Wright,N/A
Donna Harrison,Physician Internship
Rachael Greer,Medical Assistant Internship
John Parker,N/A
Lisa Payne,N/A
Dr. Henry Frey,N/A
Jennifer Duncan,Surgeon Opportunity
Marie Smith,Physician Internship
Shannon Mccann,N/A
Matthew Brown,N/A
Gregory Sanchez,N/A
Sarah Parker,Emergency Medical Technician (EMT) Opportunity
Katherine Wells,N/A
Kathleen Johnson,N/A
Mary Short MD,N/A
Amanda Mueller,N/A
Connie Gutierrez,N/A
Cody Grimes,Physical Therapist Internship
Patricia Davis,N/A
Alyssa Rose,N/A
Jennifer Odonnell,N/A
Joseph Hart,N/A
Christine Mcknight,N/A
Olivia Graham,N/A
Nathan Robbins,N/A
Jean Hunter,N/A
William Cobb,N/A
Jason Hess,N/A
Shannon Powell,N/A
Julie Jackson,N/A
Richard Simmons,Physician Internship
Joseph Franklin,N/A
Holly Silva,N/A
Leah Ellis,N/A
Jennifer Ritter,Emergency Medical Technician (EMT) Opportunity
Penny Mcconnell,N/A
Scott Smith,N/A
David Perez,Emergency Medical Technician (EMT) Opportunity
Amy Ware,N/A
Michael Deleon,N/A
Makayla Hayes,N/A
Chad Brown,Physical Therapist Internship
Janet Ingram,N/A
Alan Carrillo,Medical Laboratory Technician Opportunity
Amy Henry,N/A
John Johnson,N/A
Cory Salazar,N/A
Kristen Walker,Medical Assistant Internship
Chris Collins,N/A
Yvonne Salinas,N/A
Timothy Brown,N/A
Kyle Clark,N/A
Deborah Clark,N/A
Robert Perez,N/A
Joshua Douglas,N/A
David Garcia,Dental Hygienist Internship
Eduardo Hall,N/A
Mark Bray,N/A
Craig Jones,N/A
Mark Jimenez,N/A
Anita Jones,Emergency Medical Technician (EMT) Opportunity
Austin Snyder,N/A
Travis Murphy,Physician Internship
Erin Wilson,N/A
Jessica Miller,N/A
Emily Sanders,N/A
Matthew Santiago,N/A
Michael Moore,Physician Internship
Robert White,N/A
Donald Myers,N/A
Carla Turner,N/A
Michael Hall,N/A
Kent Garcia,N/A
Sheila Reed,N/A
Melissa Cole,N/A
Johnathan Fry,N/A
Gregory Norton,N/A
Jeanne Chandler,Physician Internship
Cassandra Cox,N/A
Tammy Ochoa,N/A
Donna Hall,N/A
Laura Baxter,N/A
Charles Hughes,N/A
Jessica White,N/A
Drew Brown,Pharmacist Placement
nan,Physician Internship
nan,Dental Hygienist Internship
nan,Emergency Medical Technician (EMT) Opportunity
nan,N/A
